Date;;THUL;SOPB;SOPO
20/1/2005 0:00;;102.400;118.730;235.990
20/1/2005 0:01;;102.430;119.580;238.560
20/1/2005 0:02;;101.500;121.530;235.160
20/1/2005 0:03;;101.990;120.740;233.380
20/1/2005 0:04;;105.480;117.500;236.370
20/1/2005 0:05;;101.210;118.800;236.380
20/1/2005 0:06;;104.140;120.860;233.850
20/1/2005 0:07;;103.820;120.020;237.510
20/1/2005 0:08;;101.980;118.590;234.240
20/1/2005 0:09;;101.980;120.810;233.910
20/1/2005 0:10;;100.710;118.410;237.110
20/1/2005 0:11;;102.670;120.250;232.090
20/1/2005 0:12;;99.460;122.960;235.300
20/1/2005 0:13;;103.550;121.110;236.070
20/1/2005 0:14;;100.640;118.980;232.060
20/1/2005 0:15;;101.060;118.250;233.510
20/1/2005 0:16;;101.680;120.390;235.230
20/1/2005 0:17;;100.620;118.920;242.360
20/1/2005 0:18;;101.940;120.950;237.670
20/1/2005 0:19;;101.210;121.560;233.650
20/1/2005 0:20;;102.010;119.010;239.660
20/1/2005 0:21;;100.240;121.350;239.250
20/1/2005 0:22;;103.530;120.240;238.320
20/1/2005 0:23;;99.570;122.050;235.740
20/1/2005 0:24;;100.570;120.600;232.640
20/1/2005 0:25;;102.810;122.240;239.910
20/1/2005 0:26;;99.740;121.210;236.150
20/1/2005 0:27;;102.820;117.600;238.250
20/1/2005 0:28;;102.250;120.570;241.560
20/1/2005 0:29;;101.500;124.310;240.230
20/1/2005 0:30;;100.580;119.270;237.140
20/1/2005 0:31;;102.290;121.110;239.300
20/1/2005 0:32;;105.630;121.950;239.370
20/1/2005 0:33;;101.150;119.000;233.410
20/1/2005 0:34;;101.990;121.110;239.970
20/1/2005 0:35;;104.870;121.320;235.560
20/1/2005 0:36;;100.160;122.250;235.710
20/1/2005 0:37;;101.470;117.670;240.000
20/1/2005 0:38;;102.360;120.250;245.490
20/1/2005 0:39;;102.030;119.670;237.240
20/1/2005 0:40;;102.350;121.570;240.830
20/1/2005 0:41;;104.090;122.340;235.970
20/1/2005 0:42;;102.780;120.810;236.540
20/1/2005 0:43;;99.330;122.950;239.560
20/1/2005 0:44;;101.820;120.760;236.340
20/1/2005 0:45;;104.100;125.760;234.800
20/1/2005 0:46;;99.620;119.960;235.030
20/1/2005 0:47;;101.050;116.740;236.380
20/1/2005 0:48;;103.050;123.190;239.790
20/1/2005 0:49;;101.020;122.840;237.560
20/1/2005 0:50;;104.190;120.260;237.920
20/1/2005 0:51;;103.420;119.580;238.200
20/1/2005 0:52;;104.880;120.600;233.070
20/1/2005 0:53;;100.390;121.160;240.240
20/1/2005 0:54;;100.000;119.570;240.110
20/1/2005 0:55;;102.750;121.540;234.380
20/1/2005 0:56;;103.010;118.790;239.510
20/1/2005 0:57;;101.470;121.740;240.960
20/1/2005 0:58;;101.830;118.970;241.630
20/1/2005 0:59;;101.630;120.040;240.380
20/1/2005 1:00;;103.380;123.620;236.310
20/1/2005 1:01;;100.330;122.120;239.520
20/1/2005 1:02;;98.000;121.340;239.570
20/1/2005 1:03;;101.360;122.820;235.880
20/1/2005 1:04;;100.900;121.670;237.930
20/1/2005 1:05;;100.710;118.860;239.500
20/1/2005 1:06;;101.490;119.550;237.070
20/1/2005 1:07;;101.180;122.270;236.040
20/1/2005 1:08;;100.820;120.110;240.820
20/1/2005 1:09;;101.830;121.980;232.940
20/1/2005 1:10;;100.690;119.470;235.700
20/1/2005 1:11;;100.150;118.860;239.040
20/1/2005 1:12;;100.070;123.630;238.410
20/1/2005 1:13;;99.840;119.460;233.710
20/1/2005 1:14;;101.420;122.910;237.470
20/1/2005 1:15;;102.790;120.770;230.010
20/1/2005 1:16;;103.830;124.540;235.440
20/1/2005 1:17;;103.140;121.540;238.330
20/1/2005 1:18;;99.150;119.060;237.150
20/1/2005 1:19;;104.180;119.330;235.320
20/1/2005 1:20;;101.230;120.130;238.010
20/1/2005 1:21;;103.500;119.570;238.970
20/1/2005 1:22;;101.000;127.380;238.230
20/1/2005 1:23;;102.860;123.690;235.330
20/1/2005 1:24;;101.560;120.210;238.080
20/1/2005 1:25;;103.720;118.180;232.600
20/1/2005 1:26;;102.600;122.420;240.520
20/1/2005 1:27;;101.710;120.700;240.350
20/1/2005 1:28;;100.520;122.620;241.860
20/1/2005 1:29;;103.400;120.540;241.700
20/1/2005 1:30;;100.060;120.280;238.750
20/1/2005 1:31;;103.450;122.520;236.840
20/1/2005 1:32;;102.290;122.570;242.360
20/1/2005 1:33;;101.600;119.280;235.030
20/1/2005 1:34;;102.400;121.760;240.870
20/1/2005 1:35;;104.460;122.290;236.340
20/1/2005 1:36;;102.590;125.140;241.250
20/1/2005 1:37;;100.150;121.060;239.400
20/1/2005 1:38;;102.460;119.590;237.730
20/1/2005 1:39;;103.020;122.200;233.870
20/1/2005 1:40;;100.710;117.270;241.460
20/1/2005 1:41;;100.010;121.390;237.660
20/1/2005 1:42;;102.760;122.180;238.620
20/1/2005 1:43;;104.680;123.860;240.090
20/1/2005 1:44;;102.140;122.990;237.020
20/1/2005 1:45;;100.600;121.220;238.020
20/1/2005 1:46;;103.600;120.120;234.550
20/1/2005 1:47;;101.650;122.150;240.150
20/1/2005 1:48;;101.440;124.200;243.080
20/1/2005 1:49;;102.710;121.860;236.830
20/1/2005 1:50;;100.660;122.280;238.530
20/1/2005 1:51;;100.300;121.540;242.930
20/1/2005 1:52;;104.050;121.330;238.210
20/1/2005 1:53;;102.920;123.090;238.170
20/1/2005 1:54;;102.410;124.580;244.060
20/1/2005 1:55;;99.460;121.290;232.760
20/1/2005 1:56;;100.260;123.710;241.670
20/1/2005 1:57;;99.260;120.310;238.900
20/1/2005 1:58;;103.420;123.180;242.160
20/1/2005 1:59;;103.890;121.020;236.570
20/1/2005 2:00;;101.430;123.680;238.260
20/1/2005 2:01;;101.570;123.080;237.600
20/1/2005 2:02;;102.970;121.000;241.080
20/1/2005 2:03;;102.690;118.920;243.200
20/1/2005 2:04;;101.860;116.780;237.320
20/1/2005 2:05;;102.350;123.600;241.270
20/1/2005 2:06;;103.310;119.470;237.530
20/1/2005 2:07;;103.690;123.850;238.630
20/1/2005 2:08;;101.260;121.710;237.740
20/1/2005 2:09;;103.220;120.580;242.000
20/1/2005 2:10;;103.510;119.600;237.270
20/1/2005 2:11;;103.070;121.710;239.000
20/1/2005 2:12;;103.730;122.790;241.750
20/1/2005 2:13;;102.780;122.740;236.400
20/1/2005 2:14;;102.850;121.050;238.880
20/1/2005 2:15;;102.610;119.750;236.700
20/1/2005 2:16;;102.150;123.200;238.670
20/1/2005 2:17;;102.880;123.760;238.220
20/1/2005 2:18;;101.840;121.150;239.740
20/1/2005 2:19;;99.840;121.860;241.700
20/1/2005 2:20;;101.730;117.250;243.770
20/1/2005 2:21;;103.600;122.260;232.930
20/1/2005 2:22;;99.730;124.790;236.980
20/1/2005 2:23;;101.070;123.310;237.200
20/1/2005 2:24;;102.050;123.550;237.970
20/1/2005 2:25;;100.970;124.390;241.140
20/1/2005 2:26;;101.690;120.250;239.080
20/1/2005 2:27;;101.850;121.150;239.820
20/1/2005 2:28;;101.640;124.360;235.580
20/1/2005 2:29;;101.480;121.970;238.340
20/1/2005 2:30;;102.540;121.660;240.750
20/1/2005 2:31;;100.940;122.670;242.070
20/1/2005 2:32;;101.890;123.910;242.460
20/1/2005 2:33;;104.570;123.630;240.800
20/1/2005 2:34;;102.060;123.340;238.940
20/1/2005 2:35;;102.360;120.150;241.380
20/1/2005 2:36;;102.630;121.420;237.630
20/1/2005 2:37;;100.140;120.580;237.820
20/1/2005 2:38;;102.380;123.840;239.250
20/1/2005 2:39;;102.120;123.290;233.360
20/1/2005 2:40;;104.310;121.990;238.200
20/1/2005 2:41;;99.400;122.050;246.240
20/1/2005 2:42;;100.720;121.820;233.780
20/1/2005 2:43;;100.300;121.500;236.750
20/1/2005 2:44;;101.700;124.270;239.580
20/1/2005 2:45;;99.830;123.660;242.490
20/1/2005 2:46;;102.790;122.610;237.230
20/1/2005 2:47;;100.690;123.190;242.770
20/1/2005 2:48;;99.810;121.820;241.110
20/1/2005 2:49;;100.900;119.560;243.530
20/1/2005 2:50;;101.960;126.180;246.920
20/1/2005 2:51;;101.130;122.780;241.150
20/1/2005 2:52;;102.710;124.600;237.690
20/1/2005 2:53;;102.530;121.190;239.390
20/1/2005 2:54;;101.400;123.070;241.820
20/1/2005 2:55;;103.160;120.560;243.200
20/1/2005 2:56;;102.340;121.650;242.010
20/1/2005 2:57;;102.130;122.200;239.780
20/1/2005 2:58;;101.940;127.330;241.280
20/1/2005 2:59;;102.490;121.690;240.050
20/1/2005 3:00;;103.060;124.040;241.580
20/1/2005 3:01;;101.460;123.450;246.930
20/1/2005 3:02;;101.150;124.740;241.200
20/1/2005 3:03;;100.590;123.260;241.830
20/1/2005 3:04;;104.370;125.330;237.840
20/1/2005 3:05;;100.920;125.700;238.380
20/1/2005 3:06;;98.050;123.930;245.230
20/1/2005 3:07;;102.380;122.720;242.090
20/1/2005 3:08;;100.790;122.820;240.600
20/1/2005 3:09;;100.410;125.690;237.610
20/1/2005 3:10;;101.710;124.760;240.500
20/1/2005 3:11;;103.060;127.290;245.130
20/1/2005 3:12;;100.980;123.360;246.620
20/1/2005 3:13;;101.770;125.260;241.310
20/1/2005 3:14;;103.020;127.610;244.390
20/1/2005 3:15;;103.890;126.310;240.280
20/1/2005 3:16;;102.820;125.580;241.740
20/1/2005 3:17;;103.240;125.280;247.610
20/1/2005 3:18;;102.490;124.300;242.040
20/1/2005 3:19;;101.650;124.010;238.620
20/1/2005 3:20;;101.340;122.980;242.250
20/1/2005 3:21;;102.580;122.430;243.440
20/1/2005 3:22;;100.210;124.140;245.010
20/1/2005 3:23;;101.980;122.850;245.250
20/1/2005 3:24;;104.300;125.380;241.210
20/1/2005 3:25;;100.980;123.540;242.870
20/1/2005 3:26;;103.140;125.230;238.690
20/1/2005 3:27;;100.050;124.150;239.490
20/1/2005 3:28;;102.830;124.760;246.110
20/1/2005 3:29;;102.930;125.490;242.500
20/1/2005 3:30;;103.460;126.920;244.170
20/1/2005 3:31;;100.850;120.540;240.200
20/1/2005 3:32;;105.660;126.180;242.360
20/1/2005 3:33;;101.330;118.740;240.430
20/1/2005 3:34;;101.910;121.690;241.610
20/1/2005 3:35;;102.030;124.870;240.730
20/1/2005 3:36;;100.780;124.680;244.160
20/1/2005 3:37;;99.020;122.140;244.620
20/1/2005 3:38;;104.860;124.460;245.150
20/1/2005 3:39;;100.690;122.690;242.900
20/1/2005 3:40;;103.130;126.880;250.180
20/1/2005 3:41;;102.060;124.590;241.140
20/1/2005 3:42;;101.760;122.080;245.620
20/1/2005 3:43;;101.370;124.500;244.530
20/1/2005 3:44;;102.180;120.400;243.860
20/1/2005 3:45;;102.520;123.280;245.730
20/1/2005 3:46;;101.440;122.680;243.560
20/1/2005 3:47;;102.430;121.520;244.720
20/1/2005 3:48;;98.110;125.820;246.250
20/1/2005 3:49;;104.080;126.560;243.900
20/1/2005 3:50;;101.710;125.490;246.010
20/1/2005 3:51;;105.120;126.410;238.140
20/1/2005 3:52;;103.480;125.040;247.700
20/1/2005 3:53;;101.480;121.510;235.760
20/1/2005 3:54;;100.760;124.910;243.730
20/1/2005 3:55;;101.250;123.560;244.010
20/1/2005 3:56;;103.930;120.110;244.720
20/1/2005 3:57;;101.270;123.010;244.630
20/1/2005 3:58;;101.720;123.960;247.050
20/1/2005 3:59;;102.780;122.300;243.780
20/1/2005 4:00;;100.680;124.670;247.270
20/1/2005 4:01;;103.890;124.200;247.090
20/1/2005 4:02;;104.870;122.490;241.930
20/1/2005 4:03;;101.160;124.260;245.190
20/1/2005 4:04;;102.280;125.410;255.130
20/1/2005 4:05;;105.490;124.470;243.170
20/1/2005 4:06;;100.620;122.710;245.710
20/1/2005 4:07;;101.820;122.740;246.510
20/1/2005 4:08;;97.910;126.720;245.450
20/1/2005 4:09;;102.200;123.510;247.110
20/1/2005 4:10;;101.430;125.120;247.850
20/1/2005 4:11;;101.050;120.960;247.200
20/1/2005 4:12;;103.040;125.550;245.680
20/1/2005 4:13;;101.680;126.570;244.630
20/1/2005 4:14;;102.320;127.100;244.700
20/1/2005 4:15;;101.670;121.470;243.970
20/1/2005 4:16;;100.870;124.020;242.600
20/1/2005 4:17;;101.740;123.520;246.170
20/1/2005 4:18;;101.220;123.660;239.070
20/1/2005 4:19;;104.410;123.740;242.250
20/1/2005 4:20;;104.150;123.630;239.160
20/1/2005 4:21;;102.500;121.680;248.840
20/1/2005 4:22;;100.950;122.310;239.850
20/1/2005 4:23;;101.340;120.570;243.650
20/1/2005 4:24;;103.960;122.350;246.370
20/1/2005 4:25;;102.940;120.690;247.520
20/1/2005 4:26;;100.290;123.660;242.660
20/1/2005 4:27;;102.680;123.970;243.880
20/1/2005 4:28;;101.230;123.370;241.630
20/1/2005 4:29;;102.890;122.630;242.390
20/1/2005 4:30;;105.540;122.900;247.790
20/1/2005 4:31;;101.150;123.700;243.640
20/1/2005 4:32;;103.860;122.640;240.130
20/1/2005 4:33;;102.020;121.640;239.330
20/1/2005 4:34;;102.700;122.330;242.590
20/1/2005 4:35;;98.380;123.460;241.970
20/1/2005 4:36;;103.530;125.710;246.710
20/1/2005 4:37;;102.820;128.040;238.640
20/1/2005 4:38;;99.620;119.770;248.430
20/1/2005 4:39;;101.230;128.330;242.000
20/1/2005 4:40;;102.080;120.870;244.030
20/1/2005 4:41;;103.440;126.380;242.540
20/1/2005 4:42;;103.690;122.720;243.630
20/1/2005 4:43;;102.860;125.250;245.640
20/1/2005 4:44;;102.770;123.880;245.450
20/1/2005 4:45;;101.660;125.220;241.800
20/1/2005 4:46;;103.090;122.270;244.690
20/1/2005 4:47;;107.390;121.030;243.260
20/1/2005 4:48;;101.270;121.660;244.980
20/1/2005 4:49;;101.520;123.640;241.530
20/1/2005 4:50;;100.300;122.800;242.730
20/1/2005 4:51;;102.590;122.720;242.210
20/1/2005 4:52;;100.240;124.940;238.990
20/1/2005 4:53;;102.300;123.920;240.070
20/1/2005 4:54;;103.250;126.110;243.910
20/1/2005 4:55;;101.870;127.830;242.910
20/1/2005 4:56;;101.460;122.560;241.970
20/1/2005 4:57;;102.130;127.230;241.660
20/1/2005 4:58;;102.770;122.390;244.380
20/1/2005 4:59;;99.080;123.600;240.470
20/1/2005 5:00;;103.790;123.260;240.590
20/1/2005 5:01;;100.770;123.820;240.160
20/1/2005 5:02;;102.960;119.190;240.340
20/1/2005 5:03;;102.770;124.540;240.000
20/1/2005 5:04;;101.220;124.280;238.970
20/1/2005 5:05;;99.650;121.330;245.840
20/1/2005 5:06;;101.550;123.250;241.060
20/1/2005 5:07;;102.720;123.860;245.140
20/1/2005 5:08;;102.910;122.440;241.800
20/1/2005 5:09;;102.820;123.260;244.530
20/1/2005 5:10;;102.290;123.610;237.840
20/1/2005 5:11;;100.920;126.070;244.340
20/1/2005 5:12;;101.840;124.360;246.170
20/1/2005 5:13;;101.830;120.700;241.180
20/1/2005 5:14;;102.440;124.500;240.070
20/1/2005 5:15;;101.450;122.110;239.530
20/1/2005 5:16;;101.130;124.560;245.010
20/1/2005 5:17;;100.420;122.800;238.540
20/1/2005 5:18;;101.490;120.900;237.350
20/1/2005 5:19;;102.140;122.720;243.430
20/1/2005 5:20;;100.150;120.900;242.580
20/1/2005 5:21;;100.340;122.460;242.820
20/1/2005 5:22;;101.180;122.180;241.020
20/1/2005 5:23;;101.700;117.910;235.460
20/1/2005 5:24;;100.880;121.420;240.050
20/1/2005 5:25;;104.830;124.990;238.670
20/1/2005 5:26;;102.960;123.880;243.860
20/1/2005 5:27;;101.490;123.750;240.230
20/1/2005 5:28;;102.520;122.310;240.380
20/1/2005 5:29;;100.630;120.330;237.620
20/1/2005 5:30;;103.160;121.020;242.620
20/1/2005 5:31;;102.650;120.590;242.620
20/1/2005 5:32;;104.070;123.440;241.780
20/1/2005 5:33;;101.700;122.750;243.700
20/1/2005 5:34;;101.550;123.540;237.340
20/1/2005 5:35;;102.950;120.770;237.350
20/1/2005 5:36;;104.510;121.290;244.000
20/1/2005 5:37;;101.900;122.110;241.480
20/1/2005 5:38;;104.640;123.980;243.220
20/1/2005 5:39;;102.870;121.890;236.630
20/1/2005 5:40;;101.660;119.880;238.980
20/1/2005 5:41;;101.150;122.940;238.990
20/1/2005 5:42;;102.950;122.630;241.960
20/1/2005 5:43;;103.380;125.090;238.990
20/1/2005 5:44;;103.160;121.950;237.730
20/1/2005 5:45;;104.070;124.330;242.880
20/1/2005 5:46;;101.480;119.980;240.310
20/1/2005 5:47;;98.860;124.020;240.990
20/1/2005 5:48;;105.570;122.970;238.710
20/1/2005 5:49;;101.840;122.160;243.520
20/1/2005 5:50;;104.220;121.370;242.730
20/1/2005 5:51;;101.930;121.640;239.060
20/1/2005 5:52;;103.930;120.700;241.470
20/1/2005 5:53;;103.700;122.070;238.080
20/1/2005 5:54;;100.970;122.540;242.220
20/1/2005 5:55;;101.990;122.680;238.090
20/1/2005 5:56;;100.950;121.420;245.690
20/1/2005 5:57;;102.250;119.970;240.280
20/1/2005 5:58;;100.940;118.280;233.770
20/1/2005 5:59;;103.060;120.900;237.060
20/1/2005 6:00;;103.070;123.220;240.680
20/1/2005 6:01;;103.000;122.330;241.260
20/1/2005 6:02;;104.390;123.990;240.630
20/1/2005 6:03;;102.190;121.540;238.300
20/1/2005 6:04;;103.860;123.180;243.270
20/1/2005 6:05;;102.250;121.700;243.810
20/1/2005 6:06;;104.490;123.310;242.850
20/1/2005 6:07;;104.670;121.890;239.880
20/1/2005 6:08;;101.040;120.540;239.570
20/1/2005 6:09;;103.180;125.480;241.480
20/1/2005 6:10;;100.800;124.050;239.820
20/1/2005 6:11;;102.860;120.720;241.360
20/1/2005 6:12;;100.780;123.360;240.960
20/1/2005 6:13;;101.830;125.240;243.830
20/1/2005 6:14;;104.210;124.530;241.080
20/1/2005 6:15;;101.660;124.500;240.220
20/1/2005 6:16;;103.650;122.820;239.550
20/1/2005 6:17;;104.120;122.130;234.170
20/1/2005 6:18;;102.480;121.690;244.400
20/1/2005 6:19;;102.390;123.480;242.590
20/1/2005 6:20;;102.880;121.650;239.690
20/1/2005 6:21;;105.920;122.760;243.610
20/1/2005 6:22;;103.220;124.050;238.580
20/1/2005 6:23;;101.630;124.290;239.190
20/1/2005 6:24;;101.150;121.150;239.610
20/1/2005 6:25;;100.730;123.780;240.370
20/1/2005 6:26;;102.470;122.650;243.250
20/1/2005 6:27;;103.250;122.420;236.600
20/1/2005 6:28;;105.030;123.900;241.920
20/1/2005 6:29;;100.210;124.930;238.080
20/1/2005 6:30;;102.630;126.750;239.190
20/1/2005 6:31;;101.370;124.170;241.170
20/1/2005 6:32;;104.210;126.100;239.610
20/1/2005 6:33;;102.100;123.270;241.950
20/1/2005 6:34;;101.280;124.880;241.960
20/1/2005 6:35;;101.340;122.420;239.160
20/1/2005 6:36;;102.580;123.610;240.790
20/1/2005 6:37;;103.930;124.370;244.110
20/1/2005 6:38;;105.210;124.030;241.860
20/1/2005 6:39;;104.270;123.320;239.370
20/1/2005 6:40;;104.150;126.760;241.590
20/1/2005 6:41;;103.780;121.690;240.580
20/1/2005 6:42;;103.220;124.560;243.240
20/1/2005 6:43;;102.560;122.520;241.300
20/1/2005 6:44;;102.370;120.350;238.990
20/1/2005 6:45;;101.980;121.440;241.000
20/1/2005 6:46;;101.910;121.570;239.300
20/1/2005 6:47;;103.470;121.230;239.290
20/1/2005 6:48;;104.750;126.850;251.470
20/1/2005 6:49;;101.900;215.860;397.880
20/1/2005 6:50;;102.000;978.420;1.554.950
20/1/2005 6:51;;101.510;3.159.070;4.697.860
20/1/2005 6:52;;100.010;6.836.590;9.665.780
20/1/2005 6:53;;101.790;9.904.560;   null
20/1/2005 6:54;;101.960;9.127.100;   null
20/1/2005 6:55;;104.640;6.970.360;9.486.980
20/1/2005 6:56;;105.630;4.707.090;6.554.470
20/1/2005 6:57;;105.640;3.469.220;4.852.110
20/1/2005 6:58;;113.960;2.817.950;3.937.540
20/1/2005 6:59;;116.520;2.583.230;3.639.080
20/1/2005 7:00;;115.620;2.609.610;3.635.020
20/1/2005 7:01;;117.510;2.453.390;3.404.840
20/1/2005 7:02;;119.560;2.320.880;3.257.160
20/1/2005 7:03;;122.580;2.079.680;2.884.300
20/1/2005 7:04;;123.830;1.955.520;2.722.170
20/1/2005 7:05;;127.410;1.787.940;2.480.220
20/1/2005 7:06;;136.090;1.516.890;2.105.660
20/1/2005 7:07;;140.550;1.343.700;1.888.410
20/1/2005 7:08;;151.990;1.252.420;1.749.470
20/1/2005 7:09;;163.770;1.146.770;1.600.980
20/1/2005 7:10;;179.930;1.101.380;1.532.500
20/1/2005 7:11;;174.640;1.078.810;1.507.580
20/1/2005 7:12;;176.300;1.097.820;1.507.230
20/1/2005 7:13;;173.740;1.041.330;1.447.340
20/1/2005 7:14;;171.380;1.025.540;1.406.130
20/1/2005 7:15;;177.930;950.540;1.333.140
20/1/2005 7:16;;179.700;921.540;1.292.640
20/1/2005 7:17;;193.820;894.060;1.250.080
20/1/2005 7:18;;199.560;881.370;1.236.050
20/1/2005 7:19;;199.320;883.870;1.232.490
20/1/2005 7:20;;202.750;867.650;1.202.390
20/1/2005 7:21;;200.170;840.260;1.182.380
20/1/2005 7:22;;198.850;832.500;1.174.020
20/1/2005 7:23;;208.930;830.720;1.144.700
20/1/2005 7:24;;212.720;801.990;1.127.380
20/1/2005 7:25;;215.640;779.940;1.099.880
20/1/2005 7:26;;216.060;762.870;1.058.460
20/1/2005 7:27;;218.260;735.150;1.018.990
20/1/2005 7:28;;221.810;703.890;993.200
20/1/2005 7:29;;221.520;680.630;962.070
20/1/2005 7:30;;227.490;667.180;942.370
20/1/2005 7:31;;221.210;647.960;919.100
20/1/2005 7:32;;218.120;629.120;888.460
20/1/2005 7:33;;211.740;622.170;886.260
20/1/2005 7:34;;214.790;613.430;871.630
20/1/2005 7:35;;213.080;591.150;849.530
20/1/2005 7:36;;208.660;581.950;833.300
20/1/2005 7:37;;207.020;572.860;830.150
20/1/2005 7:38;;207.290;577.830;820.810
20/1/2005 7:39;;202.250;571.150;819.160
20/1/2005 7:40;;201.720;558.960;806.140
20/1/2005 7:41;;198.300;547.570;790.480
20/1/2005 7:42;;191.680;540.180;780.090
20/1/2005 7:43;;182.770;531.850;763.960
20/1/2005 7:44;;175.800;521.920;751.250
20/1/2005 7:45;;173.140;510.070;740.410
20/1/2005 7:46;;171.680;504.460;721.170
20/1/2005 7:47;;173.320;497.980;726.240
20/1/2005 7:48;;168.730;505.380;733.520
20/1/2005 7:49;;171.780;511.490;742.430
20/1/2005 7:50;;170.300;506.600;734.580
20/1/2005 7:51;;168.350;507.670;738.790
20/1/2005 7:52;;169.120;504.900;726.270
20/1/2005 7:53;;162.280;506.890;728.070
20/1/2005 7:54;;169.770;504.680;728.160
20/1/2005 7:55;;167.720;494.450;715.740
20/1/2005 7:56;;164.220;481.810;704.570
20/1/2005 7:57;;164.600;475.440;702.660
20/1/2005 7:58;;165.270;473.450;699.300
20/1/2005 7:59;;163.050;476.250;687.960
20/1/2005 8:00;;165.430;457.660;682.370
20/1/2005 8:01;;165.660;447.560;660.980
20/1/2005 8:02;;164.880;441.560;646.250
20/1/2005 8:03;;163.410;441.530;642.970
20/1/2005 8:04;;162.960;423.180;630.320
20/1/2005 8:05;;160.350;410.360;613.900
20/1/2005 8:06;;161.820;412.190;617.500
20/1/2005 8:07;;162.110;409.570;611.500
20/1/2005 8:08;;159.450;416.840;614.610
20/1/2005 8:09;;156.750;401.720;603.320
20/1/2005 8:10;;158.440;403.070;599.100
20/1/2005 8:11;;155.670;395.360;595.750
20/1/2005 8:12;;155.420;392.470;590.740
20/1/2005 8:13;;160.400;389.310;588.680
20/1/2005 8:14;;156.600;394.250;584.940
20/1/2005 8:15;;155.100;386.250;586.600
20/1/2005 8:16;;152.290;387.280;579.890
20/1/2005 8:17;;149.860;377.480;579.030
20/1/2005 8:18;;153.020;380.710;582.210
20/1/2005 8:19;;150.300;385.610;573.470
20/1/2005 8:20;;148.870;390.980;578.690
20/1/2005 8:21;;150.320;386.550;586.110
20/1/2005 8:22;;151.970;389.240;581.690
20/1/2005 8:23;;151.690;385.960;583.960
20/1/2005 8:24;;149.050;381.700;587.240
20/1/2005 8:25;;149.280;381.570;582.030
20/1/2005 8:26;;148.090;385.070;568.220
20/1/2005 8:27;;146.070;379.480;575.600
20/1/2005 8:28;;145.470;379.180;563.550
20/1/2005 8:29;;143.670;369.180;567.510
20/1/2005 8:30;;144.400;371.950;563.340
20/1/2005 8:31;;146.540;373.180;568.770
20/1/2005 8:32;;144.500;368.680;564.000
20/1/2005 8:33;;145.020;370.590;559.310
20/1/2005 8:34;;144.490;368.840;559.230
20/1/2005 8:35;;144.740;366.420;561.920
20/1/2005 8:36;;142.840;360.300;552.760
20/1/2005 8:37;;140.030;371.170;545.110
20/1/2005 8:38;;145.650;364.080;555.730
20/1/2005 8:39;;143.660;365.440;550.540
20/1/2005 8:40;;142.260;365.210;549.760
20/1/2005 8:41;;145.380;356.460;550.690
20/1/2005 8:42;;144.560;357.180;547.730
20/1/2005 8:43;;147.370;351.130;541.410
20/1/2005 8:44;;145.990;348.640;538.190
20/1/2005 8:45;;147.520;350.260;534.620
20/1/2005 8:46;;146.540;349.890;530.540
20/1/2005 8:47;;145.430;346.260;536.430
20/1/2005 8:48;;146.190;352.960;522.710
20/1/2005 8:49;;144.330;342.340;526.280
20/1/2005 8:50;;148.480;343.170;529.430
20/1/2005 8:51;;145.070;339.260;518.840
20/1/2005 8:52;;142.890;338.880;523.840
20/1/2005 8:53;;140.040;342.040;528.800
20/1/2005 8:54;;140.950;341.860;515.590
20/1/2005 8:55;;142.920;338.910;517.710
20/1/2005 8:56;;139.230;330.690;520.560
20/1/2005 8:57;;142.940;336.600;516.680
20/1/2005 8:58;;141.730;334.280;517.430
20/1/2005 8:59;;138.740;331.890;508.360
20/1/2005 9:00;;140.710;326.430;512.310
20/1/2005 9:01;;141.110;327.950;516.590
20/1/2005 9:02;;138.740;327.330;508.300
20/1/2005 9:03;;137.540;326.120;498.070
20/1/2005 9:04;;136.130;323.800;499.070
20/1/2005 9:05;;133.800;323.200;505.620
20/1/2005 9:06;;134.060;323.910;500.650
20/1/2005 9:07;;135.450;322.190;498.460
20/1/2005 9:08;;136.230;318.420;498.420
20/1/2005 9:09;;134.890;315.640;495.900
20/1/2005 9:10;;137.950;312.990;494.290
20/1/2005 9:11;;132.660;317.500;486.050
20/1/2005 9:12;;135.710;312.650;483.270
20/1/2005 9:13;;135.760;312.060;486.300
20/1/2005 9:14;;134.790;307.180;478.530
20/1/2005 9:15;;130.830;309.840;476.400
20/1/2005 9:16;;131.450;309.590;481.630
20/1/2005 9:17;;133.340;309.400;478.240
20/1/2005 9:18;;134.430;304.170;472.330
20/1/2005 9:19;;134.000;299.950;474.000
20/1/2005 9:20;;132.420;302.110;469.240
20/1/2005 9:21;;133.250;300.900;464.110
20/1/2005 9:22;;132.160;301.820;468.260
20/1/2005 9:23;;130.090;295.430;465.150
20/1/2005 9:24;;134.740;295.990;466.710
20/1/2005 9:25;;131.330;290.100;457.990
20/1/2005 9:26;;127.500;290.130;454.740
20/1/2005 9:27;;129.940;292.140;453.480
20/1/2005 9:28;;134.400;288.460;454.240
20/1/2005 9:29;;128.890;282.460;456.050
20/1/2005 9:30;;130.860;286.800;452.800
20/1/2005 9:31;;132.170;284.960;450.300
20/1/2005 9:32;;128.420;282.460;451.270
20/1/2005 9:33;;132.910;280.790;443.290
20/1/2005 9:34;;131.540;286.870;450.570
20/1/2005 9:35;;131.320;283.750;446.630
20/1/2005 9:36;;132.050;276.600;440.100
20/1/2005 9:37;;129.000;278.250;440.470
20/1/2005 9:38;;129.840;274.160;438.540
20/1/2005 9:39;;137.220;272.280;438.880
20/1/2005 9:40;;135.060;272.100;439.400
20/1/2005 9:41;;135.900;272.880;435.450
20/1/2005 9:42;;135.840;268.420;434.820
20/1/2005 9:43;;137.380;270.740;435.080
20/1/2005 9:44;;139.200;267.630;430.250
20/1/2005 9:45;;135.230;270.290;426.640
20/1/2005 9:46;;134.140;268.320;423.630
20/1/2005 9:47;;136.370;264.360;430.960
20/1/2005 9:48;;135.810;267.630;432.600
20/1/2005 9:49;;132.940;265.900;422.670
20/1/2005 9:50;;130.740;267.750;428.280
20/1/2005 9:51;;131.530;259.990;422.790
20/1/2005 9:52;;130.790;261.680;421.510
20/1/2005 9:53;;130.420;264.870;419.560
20/1/2005 9:54;;128.950;256.220;415.410
20/1/2005 9:55;;130.400;257.730;420.480
20/1/2005 9:56;;131.290;258.550;409.940
20/1/2005 9:57;;131.680;254.980;411.550
20/1/2005 9:58;;130.180;254.690;412.580
20/1/2005 9:59;;131.120;251.600;417.710
20/1/2005 10:00;;132.840;250.400;412.750
20/1/2005 10:01;;130.800;251.250;415.270
20/1/2005 10:02;;132.210;254.920;407.810
20/1/2005 10:03;;134.800;255.360;410.980
20/1/2005 10:04;;131.280;251.850;403.580
20/1/2005 10:05;;130.930;244.890;398.370
20/1/2005 10:06;;130.430;245.300;401.260
20/1/2005 10:07;;131.420;243.930;407.350
20/1/2005 10:08;;129.050;250.480;401.410
20/1/2005 10:09;;132.040;245.490;397.120
20/1/2005 10:10;;126.140;240.920;396.900
20/1/2005 10:11;;130.330;239.220;392.670
20/1/2005 10:12;;129.840;242.190;405.220
20/1/2005 10:13;;126.780;240.040;392.310
20/1/2005 10:14;;125.070;241.870;396.380
20/1/2005 10:15;;127.250;236.870;394.180
20/1/2005 10:16;;129.130;239.330;387.270
20/1/2005 10:17;;124.300;238.090;387.150
20/1/2005 10:18;;131.040;230.920;390.230
20/1/2005 10:19;;126.900;233.420;389.060
20/1/2005 10:20;;125.920;232.790;390.260
20/1/2005 10:21;;126.390;233.180;387.030
20/1/2005 10:22;;125.040;231.170;384.070
20/1/2005 10:23;;127.260;229.850;387.220
20/1/2005 10:24;;127.390;236.000;384.480
20/1/2005 10:25;;125.060;232.560;382.750
20/1/2005 10:26;;123.440;230.690;384.870
20/1/2005 10:27;;124.670;231.810;381.790
20/1/2005 10:28;;125.040;229.950;382.310
20/1/2005 10:29;;123.770;230.010;377.410
20/1/2005 10:30;;123.890;227.130;380.450
20/1/2005 10:31;;125.560;225.750;381.310
20/1/2005 10:32;;120.030;228.670;379.220
20/1/2005 10:33;;126.810;220.010;375.420
20/1/2005 10:34;;124.350;225.780;377.820
20/1/2005 10:35;;119.700;225.570;369.710
20/1/2005 10:36;;124.470;218.440;369.600
20/1/2005 10:37;;123.750;221.770;365.320
20/1/2005 10:38;;124.170;224.430;365.560
20/1/2005 10:39;;123.660;220.360;372.960
20/1/2005 10:40;;124.890;221.440;363.590
20/1/2005 10:41;;124.980;219.560;367.410
20/1/2005 10:42;;123.920;221.540;362.600
20/1/2005 10:43;;124.240;220.700;368.670
20/1/2005 10:44;;122.500;226.560;365.120
20/1/2005 10:45;;124.500;220.370;368.530
20/1/2005 10:46;;122.260;214.320;364.070
20/1/2005 10:47;;123.710;219.720;363.380
20/1/2005 10:48;;122.230;220.460;362.730
20/1/2005 10:49;;121.380;215.660;359.190
20/1/2005 10:50;;123.720;213.870;364.740
20/1/2005 10:51;;118.020;214.880;367.110
20/1/2005 10:52;;123.140;218.900;359.320
20/1/2005 10:53;;122.770;211.930;362.160
20/1/2005 10:54;;121.050;215.260;357.670
20/1/2005 10:55;;123.090;216.270;357.730
20/1/2005 10:56;;124.290;216.010;365.340
20/1/2005 10:57;;123.560;213.140;360.360
20/1/2005 10:58;;123.050;212.160;361.220
20/1/2005 10:59;;127.940;209.650;358.180
20/1/2005 11:00;;126.690;215.190;358.920
20/1/2005 11:01;;123.520;209.780;357.800
20/1/2005 11:02;;123.190;210.060;354.520
20/1/2005 11:03;;124.980;210.750;351.890
20/1/2005 11:04;;123.460;207.840;357.010
20/1/2005 11:05;;122.870;212.110;352.420
20/1/2005 11:06;;121.610;212.140;355.170
20/1/2005 11:07;;122.820;210.740;358.800
20/1/2005 11:08;;119.600;208.210;349.360
20/1/2005 11:09;;124.520;210.570;346.560
20/1/2005 11:10;;123.090;210.710;354.310
20/1/2005 11:11;;120.200;208.240;348.780
20/1/2005 11:12;;121.280;204.380;350.120
20/1/2005 11:13;;118.200;207.720;346.380
20/1/2005 11:14;;118.590;204.690;348.530
20/1/2005 11:15;;124.610;201.900;348.790
20/1/2005 11:16;;120.420;207.240;345.000
20/1/2005 11:17;;119.820;206.790;349.380
20/1/2005 11:18;;120.550;202.780;346.660
20/1/2005 11:19;;123.790;205.240;350.950
20/1/2005 11:20;;121.640;204.320;346.470
20/1/2005 11:21;;121.840;205.850;343.960
20/1/2005 11:22;;120.960;204.110;347.160
20/1/2005 11:23;;120.990;201.090;335.840
20/1/2005 11:24;;121.100;196.490;339.720
20/1/2005 11:25;;123.210;195.890;340.810
20/1/2005 11:26;;120.970;198.490;338.440
20/1/2005 11:27;;120.870;199.810;338.400
20/1/2005 11:28;;122.930;197.710;339.520
20/1/2005 11:29;;121.220;194.000;342.470
20/1/2005 11:30;;123.240;194.320;339.230
20/1/2005 11:31;;121.800;192.170;335.030
20/1/2005 11:32;;119.550;201.200;333.710
20/1/2005 11:33;;121.490;196.310;341.830
20/1/2005 11:34;;120.150;196.950;336.580
20/1/2005 11:35;;118.080;194.310;340.030
20/1/2005 11:36;;119.350;193.300;338.700
20/1/2005 11:37;;121.620;199.190;329.270
20/1/2005 11:38;;120.540;193.310;337.820
20/1/2005 11:39;;119.770;193.360;336.280
20/1/2005 11:40;;117.840;193.930;338.310
20/1/2005 11:41;;121.800;195.070;330.760
20/1/2005 11:42;;123.640;194.940;331.710
20/1/2005 11:43;;123.250;192.070;332.830
20/1/2005 11:44;;121.070;192.940;326.140
20/1/2005 11:45;;117.420;196.820;332.980
20/1/2005 11:46;;120.580;190.200;329.390
20/1/2005 11:47;;122.820;190.310;333.110
20/1/2005 11:48;;117.970;190.760;332.940
20/1/2005 11:49;;120.630;194.620;341.100
20/1/2005 11:50;;120.930;189.470;335.570
20/1/2005 11:51;;120.560;188.650;332.070
20/1/2005 11:52;;116.530;193.090;333.320
20/1/2005 11:53;;119.030;193.480;329.850
20/1/2005 11:54;;119.770;189.360;329.110
20/1/2005 11:55;;120.340;192.150;335.600
20/1/2005 11:56;;119.820;193.020;329.620
20/1/2005 11:57;;121.330;192.790;332.890
20/1/2005 11:58;;121.370;194.380;336.670
20/1/2005 11:59;;118.850;192.140;331.880
20/1/2005 12:00;;119.190;191.770;326.730
20/1/2005 12:01;;118.720;196.530;334.220
20/1/2005 12:02;;121.010;191.350;328.980
20/1/2005 12:03;;118.430;191.300;331.680
20/1/2005 12:04;;118.080;189.510;332.500
20/1/2005 12:05;;118.020;189.930;330.970
20/1/2005 12:06;;120.200;185.430;333.860
20/1/2005 12:07;;120.260;189.350;327.360
20/1/2005 12:08;;118.150;188.640;327.510
20/1/2005 12:09;;119.260;187.970;326.300
20/1/2005 12:10;;120.490;185.160;324.940
20/1/2005 12:11;;116.200;185.930;333.900
20/1/2005 12:12;;116.420;190.050;326.740
20/1/2005 12:13;;117.740;187.920;330.920
20/1/2005 12:14;;115.560;183.510;327.850
20/1/2005 12:15;;119.340;186.070;324.000
20/1/2005 12:16;;117.230;188.340;326.510
20/1/2005 12:17;;116.150;186.660;320.340
20/1/2005 12:18;;116.220;185.840;324.700
20/1/2005 12:19;;119.560;190.600;324.350
20/1/2005 12:20;;120.350;183.420;319.270
20/1/2005 12:21;;116.200;178.090;320.160
20/1/2005 12:22;;120.740;188.380;327.460
20/1/2005 12:23;;119.310;186.800;323.130
20/1/2005 12:24;;115.060;183.320;321.350
20/1/2005 12:25;;118.230;182.660;320.010
20/1/2005 12:26;;119.340;184.990;317.860
20/1/2005 12:27;;119.470;188.850;322.930
20/1/2005 12:28;;115.800;185.690;315.830
20/1/2005 12:29;;114.240;180.080;325.800
20/1/2005 12:30;;115.910;185.680;316.390
20/1/2005 12:31;;121.900;181.720;325.960
20/1/2005 12:32;;123.130;186.770;322.800
20/1/2005 12:33;;117.100;179.950;322.170
20/1/2005 12:34;;116.690;182.350;321.510
20/1/2005 12:35;;120.030;184.430;317.680
20/1/2005 12:36;;121.170;183.820;316.740
20/1/2005 12:37;;117.020;181.470;314.500
20/1/2005 12:38;;117.420;179.450;316.530
20/1/2005 12:39;;117.330;180.010;318.740
20/1/2005 12:40;;117.830;177.180;314.530
20/1/2005 12:41;;116.870;183.660;308.940
20/1/2005 12:42;;114.010;180.950;314.490
20/1/2005 12:43;;117.230;179.000;317.180
20/1/2005 12:44;;113.170;181.910;318.640
20/1/2005 12:45;;115.850;181.500;315.820
20/1/2005 12:46;;114.720;174.500;311.220
20/1/2005 12:47;;119.110;179.740;313.110
20/1/2005 12:48;;116.240;179.030;307.540
20/1/2005 12:49;;115.600;176.870;311.810
20/1/2005 12:50;;116.920;178.160;314.750
20/1/2005 12:51;;115.930;176.510;314.420
20/1/2005 12:52;;116.640;177.410;310.790
20/1/2005 12:53;;113.890;176.870;311.360
20/1/2005 12:54;;115.370;176.820;314.900
20/1/2005 12:55;;114.120;176.760;310.050
20/1/2005 12:56;;114.150;172.950;318.050
20/1/2005 12:57;;116.090;178.150;311.170
20/1/2005 12:58;;117.610;177.140;308.050
20/1/2005 12:59;;117.060;174.360;312.030
20/1/2005 13:00;;117.300;175.340;312.540
20/1/2005 13:01;;118.810;176.740;312.310
20/1/2005 13:02;;116.510;174.490;310.170
20/1/2005 13:03;;116.300;175.190;313.570
20/1/2005 13:04;;115.780;175.030;304.930
20/1/2005 13:05;;114.260;180.230;306.030
20/1/2005 13:06;;114.990;174.650;312.660
20/1/2005 13:07;;114.760;178.280;310.850
20/1/2005 13:08;;116.010;172.460;307.540
20/1/2005 13:09;;115.830;175.970;302.880
20/1/2005 13:10;;118.080;174.310;304.880
20/1/2005 13:11;;115.130;172.400;316.690
20/1/2005 13:12;;116.480;175.010;310.090
20/1/2005 13:13;;115.170;172.230;313.580
20/1/2005 13:14;;115.260;175.740;313.480
20/1/2005 13:15;;116.300;174.470;305.780
20/1/2005 13:16;;117.890;175.270;310.860
20/1/2005 13:17;;114.610;176.350;310.260
20/1/2005 13:18;;117.220;179.120;307.240
20/1/2005 13:19;;116.380;171.140;309.490
20/1/2005 13:20;;117.830;172.830;301.570
20/1/2005 13:21;;115.560;171.220;304.070
20/1/2005 13:22;;112.780;171.990;306.840
20/1/2005 13:23;;114.590;172.220;300.440
20/1/2005 13:24;;116.470;175.020;303.070
20/1/2005 13:25;;113.160;175.710;303.760
20/1/2005 13:26;;114.780;173.320;298.380
20/1/2005 13:27;;116.390;169.670;305.230
20/1/2005 13:28;;116.780;169.140;304.490
20/1/2005 13:29;;113.720;172.650;300.950
20/1/2005 13:30;;114.840;168.990;302.590
20/1/2005 13:31;;112.400;168.400;299.830
20/1/2005 13:32;;115.010;166.860;302.750
20/1/2005 13:33;;114.520;169.690;301.210
20/1/2005 13:34;;115.410;168.780;296.790
20/1/2005 13:35;;114.110;166.910;299.760
20/1/2005 13:36;;116.490;168.310;299.480
20/1/2005 13:37;;116.430;166.040;306.740
20/1/2005 13:38;;116.280;166.110;299.310
20/1/2005 13:39;;115.000;166.920;303.870
20/1/2005 13:40;;115.350;165.440;300.450
20/1/2005 13:41;;111.750;171.670;295.800
20/1/2005 13:42;;113.870;166.330;297.390
20/1/2005 13:43;;115.240;163.450;300.920
20/1/2005 13:44;;114.930;169.120;295.010
20/1/2005 13:45;;117.790;167.820;300.370
20/1/2005 13:46;;114.300;161.610;303.300
20/1/2005 13:47;;113.190;169.290;298.940
20/1/2005 13:48;;113.680;167.910;295.030
20/1/2005 13:49;;112.970;169.120;302.890
20/1/2005 13:50;;116.440;165.950;299.960
20/1/2005 13:51;;114.960;167.980;298.670
20/1/2005 13:52;;112.910;166.630;295.260
20/1/2005 13:53;;109.450;166.870;299.940
20/1/2005 13:54;;114.000;166.460;294.760
20/1/2005 13:55;;113.870;165.640;296.770
20/1/2005 13:56;;113.320;167.970;302.240
20/1/2005 13:57;;115.430;169.870;297.960
20/1/2005 13:58;;113.000;166.180;298.110
20/1/2005 13:59;;113.880;165.330;292.930
20/1/2005 14:00;;114.500;162.750;300.130
20/1/2005 14:01;;116.760;165.340;296.110
20/1/2005 14:02;;111.650;163.300;297.150
20/1/2005 14:03;;114.240;161.910;293.710
20/1/2005 14:04;;114.770;160.870;301.820
20/1/2005 14:05;;116.490;164.740;293.750
20/1/2005 14:06;;115.980;162.720;293.760
20/1/2005 14:07;;114.220;163.190;294.760
20/1/2005 14:08;;115.950;161.260;300.330
20/1/2005 14:09;;114.490;164.160;299.250
20/1/2005 14:10;;111.570;163.220;297.850
20/1/2005 14:11;;115.480;163.240;298.590
20/1/2005 14:12;;113.960;162.940;294.260
20/1/2005 14:13;;116.510;161.770;295.320
20/1/2005 14:14;;113.390;161.230;295.680
20/1/2005 14:15;;114.620;160.700;293.710
20/1/2005 14:16;;112.810;162.200;298.780
20/1/2005 14:17;;115.580;160.210;290.820
20/1/2005 14:18;;115.700;164.210;283.840
20/1/2005 14:19;;114.030;162.440;289.080
20/1/2005 14:20;;116.490;163.600;291.030
20/1/2005 14:21;;114.130;159.220;290.040
20/1/2005 14:22;;113.300;161.350;293.740
20/1/2005 14:23;;112.350;164.140;290.540
20/1/2005 14:24;;114.310;159.760;294.090
20/1/2005 14:25;;114.670;160.360;295.130
20/1/2005 14:26;;115.030;164.050;292.540
20/1/2005 14:27;;110.340;162.100;293.310
20/1/2005 14:28;;110.950;158.800;294.610
20/1/2005 14:29;;113.100;161.620;293.320
20/1/2005 14:30;;116.440;160.520;292.800
20/1/2005 14:31;;112.580;158.570;293.820
20/1/2005 14:32;;115.730;162.360;290.750
20/1/2005 14:33;;114.890;159.830;286.440
20/1/2005 14:34;;111.390;158.600;290.050
20/1/2005 14:35;;114.770;160.160;293.710
20/1/2005 14:36;;116.220;156.910;288.750
20/1/2005 14:37;;113.950;160.840;294.830
20/1/2005 14:38;;113.760;160.560;286.930
20/1/2005 14:39;;113.420;160.980;294.500
20/1/2005 14:40;;114.080;160.310;290.280
20/1/2005 14:41;;111.770;162.230;288.340
20/1/2005 14:42;;113.570;159.690;284.520
20/1/2005 14:43;;113.040;161.740;290.510
20/1/2005 14:44;;110.250;159.260;291.240
20/1/2005 14:45;;112.710;157.730;286.740
20/1/2005 14:46;;113.380;156.600;288.020
20/1/2005 14:47;;114.450;159.070;288.630
20/1/2005 14:48;;114.530;155.530;292.170
20/1/2005 14:49;;109.330;160.560;286.780
20/1/2005 14:50;;113.290;157.180;291.140
20/1/2005 14:51;;110.940;161.020;289.910
20/1/2005 14:52;;112.560;155.340;289.320
20/1/2005 14:53;;111.950;159.240;289.470
20/1/2005 14:54;;113.010;158.830;285.210
20/1/2005 14:55;;112.470;161.830;292.060
20/1/2005 14:56;;110.880;157.580;285.830
20/1/2005 14:57;;112.900;156.710;287.120
20/1/2005 14:58;;115.040;156.260;290.600
20/1/2005 14:59;;114.330;158.610;287.830
20/1/2005 15:00;;112.850;158.370;291.170
20/1/2005 15:01;;115.460;158.560;291.820
20/1/2005 15:02;;114.140;152.370;289.900
20/1/2005 15:03;;114.110;159.590;288.860
20/1/2005 15:04;;113.230;156.480;287.230
20/1/2005 15:05;;111.490;154.320;282.560
20/1/2005 15:06;;114.110;159.190;285.900
20/1/2005 15:07;;114.560;161.010;288.530
20/1/2005 15:08;;110.020;157.420;289.980
20/1/2005 15:09;;109.640;157.020;290.610
20/1/2005 15:10;;111.410;158.800;283.760
20/1/2005 15:11;;116.410;155.080;290.230
20/1/2005 15:12;;113.260;159.110;288.090
20/1/2005 15:13;;110.670;157.080;288.460
20/1/2005 15:14;;117.110;156.370;287.640
20/1/2005 15:15;;114.800;155.890;290.040
20/1/2005 15:16;;113.070;158.270;281.700
20/1/2005 15:17;;111.880;156.690;285.690
20/1/2005 15:18;;114.530;155.150;286.630
20/1/2005 15:19;;115.810;158.550;285.930
20/1/2005 15:20;;110.140;154.280;284.850
20/1/2005 15:21;;111.590;158.460;285.500
20/1/2005 15:22;;110.380;157.040;284.500
20/1/2005 15:23;;112.720;155.720;279.650
20/1/2005 15:24;;108.660;154.450;286.670
20/1/2005 15:25;;110.050;154.580;286.170
20/1/2005 15:26;;111.500;150.710;285.820
20/1/2005 15:27;;112.400;156.270;287.050
20/1/2005 15:28;;110.540;153.470;285.190
20/1/2005 15:29;;110.360;153.940;286.330
20/1/2005 15:30;;110.340;155.730;287.710
20/1/2005 15:31;;111.460;155.260;285.730
20/1/2005 15:32;;111.200;158.130;286.530
20/1/2005 15:33;;113.130;155.030;279.580
20/1/2005 15:34;;114.150;151.870;282.500
20/1/2005 15:35;;113.640;154.300;279.890
20/1/2005 15:36;;113.170;154.540;285.000
20/1/2005 15:37;;110.550;154.460;283.350
20/1/2005 15:38;;110.260;153.090;284.000
20/1/2005 15:39;;110.740;153.730;285.870
20/1/2005 15:40;;112.910;153.150;286.340
20/1/2005 15:41;;110.080;157.800;281.490
20/1/2005 15:42;;113.460;155.030;283.060
20/1/2005 15:43;;110.870;153.330;281.630
20/1/2005 15:44;;112.150;151.040;282.530
20/1/2005 15:45;;113.660;154.440;280.530
20/1/2005 15:46;;112.190;148.010;279.260
20/1/2005 15:47;;112.080;152.180;284.950
20/1/2005 15:48;;114.210;151.450;282.080
20/1/2005 15:49;;110.840;150.200;282.030
20/1/2005 15:50;;113.740;153.020;284.730
20/1/2005 15:51;;113.390;154.550;276.310
20/1/2005 15:52;;110.170;154.970;278.230
20/1/2005 15:53;;111.580;156.920;279.540
20/1/2005 15:54;;115.020;151.170;279.660
20/1/2005 15:55;;108.360;152.280;275.980
20/1/2005 15:56;;114.520;158.020;282.070
20/1/2005 15:57;;115.650;150.620;282.060
20/1/2005 15:58;;112.930;152.060;279.500
20/1/2005 15:59;;112.310;153.720;282.970
20/1/2005 16:00;;112.670;152.460;277.470
20/1/2005 16:01;;112.090;153.310;278.130
20/1/2005 16:02;;109.500;151.510;284.440
20/1/2005 16:03;;111.420;153.560;283.770
20/1/2005 16:04;;111.960;156.610;281.320
20/1/2005 16:05;;113.010;153.310;283.060
20/1/2005 16:06;;113.770;151.100;282.540
20/1/2005 16:07;;115.300;148.150;279.970
20/1/2005 16:08;;112.110;149.890;278.220
20/1/2005 16:09;;111.370;148.430;282.680
20/1/2005 16:10;;112.880;153.680;280.850
20/1/2005 16:11;;112.770;153.460;276.610
20/1/2005 16:12;;110.750;154.830;279.070
20/1/2005 16:13;;114.490;150.750;284.450
20/1/2005 16:14;;108.450;155.730;276.210
20/1/2005 16:15;;111.340;154.730;274.570
20/1/2005 16:16;;111.300;150.160;279.510
20/1/2005 16:17;;113.280;151.120;282.210
20/1/2005 16:18;;115.640;147.400;277.320
20/1/2005 16:19;;109.610;148.350;280.340
20/1/2005 16:20;;111.830;148.000;282.050
20/1/2005 16:21;;113.470;148.920;286.250
20/1/2005 16:22;;108.440;150.320;291.270
20/1/2005 16:23;;110.780;150.040;280.020
20/1/2005 16:24;;112.930;154.500;284.710
20/1/2005 16:25;;111.440;151.570;279.350
20/1/2005 16:26;;109.960;150.970;279.530
20/1/2005 16:27;;108.110;152.400;278.900
20/1/2005 16:28;;112.330;151.020;283.690
20/1/2005 16:29;;115.720;149.880;281.800
20/1/2005 16:30;;109.540;151.910;279.090
20/1/2005 16:31;;111.860;150.170;270.240
20/1/2005 16:32;;112.820;147.900;282.320
20/1/2005 16:33;;109.520;152.690;282.440
20/1/2005 16:34;;109.270;151.900;278.100
20/1/2005 16:35;;110.710;147.790;275.660
20/1/2005 16:36;;109.500;152.510;284.810
20/1/2005 16:37;;112.860;150.720;279.560
20/1/2005 16:38;;113.230;150.430;277.220
20/1/2005 16:39;;110.900;148.430;280.480
20/1/2005 16:40;;110.180;148.650;276.790
20/1/2005 16:41;;111.150;148.190;282.450
20/1/2005 16:42;;111.610;150.890;281.420
20/1/2005 16:43;;112.110;149.890;285.840
20/1/2005 16:44;;112.790;148.100;275.080
20/1/2005 16:45;;108.000;151.630;281.440
20/1/2005 16:46;;110.860;146.970;282.380
20/1/2005 16:47;;110.200;149.790;275.970
20/1/2005 16:48;;112.210;150.630;276.700
20/1/2005 16:49;;110.890;148.000;279.750
20/1/2005 16:50;;111.550;150.070;282.270
20/1/2005 16:51;;112.370;153.320;274.690
20/1/2005 16:52;;111.120;150.450;272.740
20/1/2005 16:53;;112.670;148.710;275.430
20/1/2005 16:54;;113.850;148.640;280.070
20/1/2005 16:55;;111.320;148.880;274.880
20/1/2005 16:56;;109.740;150.180;279.870
20/1/2005 16:57;;110.780;149.760;272.210
20/1/2005 16:58;;109.670;148.390;273.460
20/1/2005 16:59;;112.300;146.880;279.890
20/1/2005 17:00;;109.840;147.340;275.150
20/1/2005 17:01;;110.830;148.290;275.480
20/1/2005 17:02;;111.290;149.910;278.320
20/1/2005 17:03;;107.700;145.630;280.790
20/1/2005 17:04;;108.800;149.110;273.110
20/1/2005 17:05;;109.060;150.930;277.620
20/1/2005 17:06;;111.090;147.580;274.320
20/1/2005 17:07;;111.200;149.750;275.900
20/1/2005 17:08;;108.000;149.250;270.440
20/1/2005 17:09;;109.770;145.560;277.080
20/1/2005 17:10;;110.870;149.940;278.870
20/1/2005 17:11;;110.650;151.240;278.830
20/1/2005 17:12;;110.430;148.070;275.920
20/1/2005 17:13;;107.040;150.020;278.610
20/1/2005 17:14;;110.280;147.310;273.880
20/1/2005 17:15;;113.850;149.500;274.880
20/1/2005 17:16;;110.040;149.610;277.940
20/1/2005 17:17;;112.160;146.870;280.380
20/1/2005 17:18;;110.900;147.450;280.300
20/1/2005 17:19;;109.040;147.790;272.400
20/1/2005 17:20;;109.200;148.340;268.910
20/1/2005 17:21;;112.260;150.190;276.490
20/1/2005 17:22;;109.320;147.400;277.390
20/1/2005 17:23;;110.160;142.700;271.590
20/1/2005 17:24;;109.040;145.400;277.370
20/1/2005 17:25;;109.650;147.540;273.960
20/1/2005 17:26;;109.350;147.930;274.200
20/1/2005 17:27;;109.450;145.440;277.290
20/1/2005 17:28;;104.970;144.990;277.750
20/1/2005 17:29;;111.480;146.100;272.730
20/1/2005 17:30;;107.730;147.390;273.640
20/1/2005 17:31;;109.680;146.710;277.050
20/1/2005 17:32;;107.580;145.620;273.530
20/1/2005 17:33;;111.310;149.290;274.390
20/1/2005 17:34;;107.770;145.990;276.010
20/1/2005 17:35;;107.360;147.040;275.530
20/1/2005 17:36;;108.270;145.980;273.350
20/1/2005 17:37;;108.760;146.920;273.680
20/1/2005 17:38;;109.280;144.160;277.110
20/1/2005 17:39;;114.400;150.190;270.010
20/1/2005 17:40;;109.690;146.550;264.910
20/1/2005 17:41;;110.620;144.710;280.650
20/1/2005 17:42;;109.360;145.760;271.530
20/1/2005 17:43;;108.530;147.920;271.730
20/1/2005 17:44;;110.570;144.830;272.950
20/1/2005 17:45;;108.760;144.540;274.170
20/1/2005 17:46;;111.790;145.600;272.900
20/1/2005 17:47;;111.120;148.890;272.510
20/1/2005 17:48;;112.090;148.070;273.470
20/1/2005 17:49;;112.070;148.940;274.160
20/1/2005 17:50;;109.770;146.400;273.790
20/1/2005 17:51;;105.690;146.220;276.440
20/1/2005 17:52;;110.740;146.640;270.130
20/1/2005 17:53;;108.930;143.520;273.590
20/1/2005 17:54;;110.020;141.520;279.460
20/1/2005 17:55;;110.190;149.050;275.040
20/1/2005 17:56;;106.570;146.220;274.520
20/1/2005 17:57;;108.780;146.850;272.620
20/1/2005 17:58;;111.450;142.380;271.510
20/1/2005 17:59;;108.800;147.120;273.010
20/1/2005 18:00;;105.360;144.080;278.520
20/1/2005 18:01;;111.420;146.420;270.990
20/1/2005 18:02;;109.390;140.770;273.510
20/1/2005 18:03;;110.850;143.220;274.490
20/1/2005 18:04;;110.010;148.040;274.830
20/1/2005 18:05;;109.570;146.770;273.100
20/1/2005 18:06;;110.010;148.100;271.030
20/1/2005 18:07;;110.500;150.610;271.400
20/1/2005 18:08;;107.740;148.030;272.680
20/1/2005 18:09;;111.060;145.090;270.110
20/1/2005 18:10;;110.770;144.960;280.330
20/1/2005 18:11;;109.250;146.470;268.880
20/1/2005 18:12;;107.630;145.150;275.380
20/1/2005 18:13;;109.780;146.230;268.710
20/1/2005 18:14;;112.520;148.570;270.840
20/1/2005 18:15;;111.350;145.380;275.080
20/1/2005 18:16;;109.640;144.800;270.810
20/1/2005 18:17;;110.000;145.010;272.760
20/1/2005 18:18;;111.390;143.610;274.190
20/1/2005 18:19;;109.540;145.220;276.480
20/1/2005 18:20;;109.330;147.040;271.630
20/1/2005 18:21;;109.610;145.060;272.940
20/1/2005 18:22;;106.750;150.750;276.390
20/1/2005 18:23;;108.410;146.030;276.380
20/1/2005 18:24;;109.490;143.710;269.840
20/1/2005 18:25;;108.690;143.870;272.400
20/1/2005 18:26;;108.130;143.260;270.250
20/1/2005 18:27;;108.550;141.340;269.300
20/1/2005 18:28;;111.320;143.880;273.120
20/1/2005 18:29;;113.290;144.140;276.060
20/1/2005 18:30;;111.870;146.700;270.910
20/1/2005 18:31;;111.900;144.810;268.130
20/1/2005 18:32;;110.620;146.180;272.100
20/1/2005 18:33;;110.100;145.650;273.030
20/1/2005 18:34;;111.200;145.990;267.090
20/1/2005 18:35;;108.920;141.660;270.140
20/1/2005 18:36;;112.560;144.910;272.690
20/1/2005 18:37;;111.070;141.450;270.880
20/1/2005 18:38;;109.340;144.200;272.220
20/1/2005 18:39;;109.450;144.570;268.210
20/1/2005 18:40;;109.270;144.720;270.850
20/1/2005 18:41;;111.870;147.750;266.360
20/1/2005 18:42;;108.200;145.960;272.340
20/1/2005 18:43;;105.540;144.000;270.660
20/1/2005 18:44;;110.010;145.010;273.140
20/1/2005 18:45;;106.730;143.980;277.830
20/1/2005 18:46;;107.860;145.190;267.670
20/1/2005 18:47;;108.810;146.240;280.240
20/1/2005 18:48;;111.150;141.810;273.590
20/1/2005 18:49;;110.890;143.660;271.220
20/1/2005 18:50;;107.450;145.510;276.020
20/1/2005 18:51;;111.890;143.670;269.760
20/1/2005 18:52;;107.820;143.120;275.520
20/1/2005 18:53;;107.910;144.680;270.840
20/1/2005 18:54;;108.030;145.840;274.250
20/1/2005 18:55;;106.170;143.280;269.770
20/1/2005 18:56;;106.470;140.180;272.790
20/1/2005 18:57;;109.930;139.640;269.350
20/1/2005 18:58;;110.620;144.010;274.310
20/1/2005 18:59;;108.100;140.610;266.370
20/1/2005 19:00;;109.800;141.980;271.790
20/1/2005 19:01;;109.350;142.240;270.180
20/1/2005 19:02;;111.640;142.280;265.800
20/1/2005 19:03;;110.870;145.210;270.840
20/1/2005 19:04;;110.160;142.620;273.320
20/1/2005 19:05;;108.060;144.150;272.290
20/1/2005 19:06;;106.850;140.800;270.650
20/1/2005 19:07;;109.220;142.860;272.270
20/1/2005 19:08;;109.850;142.940;267.580
20/1/2005 19:09;;110.090;143.500;268.650
20/1/2005 19:10;;111.640;142.610;270.950
20/1/2005 19:11;;111.970;143.790;270.330
20/1/2005 19:12;;105.130;140.230;264.830
20/1/2005 19:13;;112.040;140.340;273.350
20/1/2005 19:14;;111.190;145.560;272.920
20/1/2005 19:15;;107.860;146.930;270.570
20/1/2005 19:16;;112.240;144.370;269.920
20/1/2005 19:17;;110.920;142.360;267.910
20/1/2005 19:18;;109.430;144.440;270.920
20/1/2005 19:19;;109.280;140.990;267.090
20/1/2005 19:20;;111.550;140.720;269.940
20/1/2005 19:21;;110.030;144.860;276.040
20/1/2005 19:22;;109.570;141.590;268.670
20/1/2005 19:23;;109.120;141.670;263.330
20/1/2005 19:24;;108.840;141.920;263.540
20/1/2005 19:25;;113.510;144.480;272.140
20/1/2005 19:26;;108.280;142.390;273.520
20/1/2005 19:27;;109.760;142.600;268.190
20/1/2005 19:28;;109.310;142.180;264.650
20/1/2005 19:29;;111.540;141.560;267.320
20/1/2005 19:30;;107.130;143.350;271.980
20/1/2005 19:31;;108.380;146.770;272.370
20/1/2005 19:32;;109.390;139.730;276.130
20/1/2005 19:33;;108.170;145.520;264.420
20/1/2005 19:34;;108.600;143.970;270.460
20/1/2005 19:35;;107.910;142.340;264.170
20/1/2005 19:36;;109.510;144.190;268.140
20/1/2005 19:37;;109.830;143.320;272.430
20/1/2005 19:38;;107.550;141.770;270.850
20/1/2005 19:39;;107.760;143.330;267.160
20/1/2005 19:40;;109.280;143.490;262.360
20/1/2005 19:41;;107.070;142.880;272.610
20/1/2005 19:42;;110.680;142.590;274.890
20/1/2005 19:43;;111.110;142.350;266.710
20/1/2005 19:44;;109.490;138.290;264.620
20/1/2005 19:45;;108.540;144.380;267.600
20/1/2005 19:46;;106.240;142.690;270.360
20/1/2005 19:47;;110.380;144.260;271.620
20/1/2005 19:48;;110.050;143.070;267.570
20/1/2005 19:49;;108.610;138.650;263.370
20/1/2005 19:50;;110.580;142.610;263.970
20/1/2005 19:51;;107.460;143.240;266.260
20/1/2005 19:52;;112.040;141.470;266.710
20/1/2005 19:53;;107.210;141.310;262.800
20/1/2005 19:54;;110.810;140.040;268.150
20/1/2005 19:55;;109.320;140.860;270.060
20/1/2005 19:56;;108.760;141.280;270.430
20/1/2005 19:57;;109.820;139.360;270.400
20/1/2005 19:58;;107.670;140.250;270.510
20/1/2005 19:59;;109.080;144.580;266.110
20/1/2005 20:00;;106.220;140.730;273.470
20/1/2005 20:01;;113.030;142.710;267.860
20/1/2005 20:02;;111.470;140.920;267.800
20/1/2005 20:03;;111.340;139.020;265.610
20/1/2005 20:04;;108.570;141.790;267.080
20/1/2005 20:05;;109.030;143.470;267.940
20/1/2005 20:06;;109.170;141.130;263.110
20/1/2005 20:07;;107.230;144.390;267.080
20/1/2005 20:08;;109.030;142.710;264.900
20/1/2005 20:09;;106.640;139.100;267.190
20/1/2005 20:10;;112.530;142.440;272.460
20/1/2005 20:11;;108.730;138.090;263.660
20/1/2005 20:12;;108.320;143.580;265.280
20/1/2005 20:13;;109.620;141.420;265.980
20/1/2005 20:14;;107.720;141.130;270.500
20/1/2005 20:15;;108.220;145.150;269.450
20/1/2005 20:16;;109.450;138.510;264.510
20/1/2005 20:17;;111.160;144.160;268.630
20/1/2005 20:18;;107.170;140.390;266.620
20/1/2005 20:19;;110.330;138.790;264.020
20/1/2005 20:20;;108.080;141.820;265.970
20/1/2005 20:21;;111.220;138.960;269.390
20/1/2005 20:22;;109.430;140.590;272.070
20/1/2005 20:23;;110.590;142.510;262.190
20/1/2005 20:24;;107.300;141.950;266.270
20/1/2005 20:25;;108.230;141.500;276.200
20/1/2005 20:26;;108.640;142.300;272.560
20/1/2005 20:27;;112.380;140.280;269.370
20/1/2005 20:28;;106.450;143.180;269.020
20/1/2005 20:29;;106.560;141.200;269.730
20/1/2005 20:30;;108.410;141.220;266.840
20/1/2005 20:31;;106.630;140.510;269.470
20/1/2005 20:32;;108.730;139.030;263.640
20/1/2005 20:33;;108.840;137.840;266.400
20/1/2005 20:34;;109.710;139.910;268.090
20/1/2005 20:35;;106.250;138.460;269.790
20/1/2005 20:36;;107.940;143.040;266.780
20/1/2005 20:37;;108.570;141.210;268.770
20/1/2005 20:38;;106.970;139.750;261.480
20/1/2005 20:39;;107.630;141.650;265.920
20/1/2005 20:40;;106.290;142.090;263.130
20/1/2005 20:41;;108.030;138.350;270.290
20/1/2005 20:42;;106.120;139.590;266.710
20/1/2005 20:43;;111.000;137.710;266.870
20/1/2005 20:44;;108.730;140.690;265.390
20/1/2005 20:45;;107.300;141.420;264.900
20/1/2005 20:46;;108.970;142.310;266.100
20/1/2005 20:47;;108.830;137.940;267.180
20/1/2005 20:48;;109.000;137.740;267.070
20/1/2005 20:49;;108.880;137.600;266.770
20/1/2005 20:50;;112.500;141.680;267.400
20/1/2005 20:51;;109.360;142.000;264.480
20/1/2005 20:52;;107.020;141.220;270.510
20/1/2005 20:53;;106.050;141.190;267.730
20/1/2005 20:54;;105.410;139.980;268.260
20/1/2005 20:55;;108.100;139.400;266.040
20/1/2005 20:56;;107.730;135.810;260.350
20/1/2005 20:57;;107.710;140.920;267.270
20/1/2005 20:58;;109.530;141.600;268.310
20/1/2005 20:59;;107.980;142.760;269.110
20/1/2005 21:00;;110.320;140.040;269.340
20/1/2005 21:01;;108.440;143.670;268.310
20/1/2005 21:02;;108.190;140.630;266.520
20/1/2005 21:03;;109.430;144.020;265.840
20/1/2005 21:04;;108.640;136.000;269.180
20/1/2005 21:05;;109.060;139.450;268.520
20/1/2005 21:06;;108.070;140.940;268.110
20/1/2005 21:07;;111.580;139.690;270.350
20/1/2005 21:08;;109.380;143.580;263.830
20/1/2005 21:09;;108.880;140.750;265.520
20/1/2005 21:10;;110.460;141.560;267.130
20/1/2005 21:11;;110.410;141.010;262.900
20/1/2005 21:12;;109.780;141.160;266.810
20/1/2005 21:13;;105.980;141.690;265.040
20/1/2005 21:14;;106.990;142.770;263.460
20/1/2005 21:15;;107.780;138.570;262.060
20/1/2005 21:16;;108.050;139.340;266.530
20/1/2005 21:17;;108.310;139.680;267.890
20/1/2005 21:18;;104.770;136.890;265.850
20/1/2005 21:19;;109.330;138.150;262.850
20/1/2005 21:20;;107.720;141.640;268.610
20/1/2005 21:21;;109.010;142.040;267.790
20/1/2005 21:22;;108.350;139.980;265.380
20/1/2005 21:23;;108.640;140.480;268.680
20/1/2005 21:24;;106.840;137.770;266.450
20/1/2005 21:25;;108.840;137.170;262.290
20/1/2005 21:26;;106.880;143.380;267.190
20/1/2005 21:27;;108.110;141.640;270.580
20/1/2005 21:28;;105.560;139.930;269.570
20/1/2005 21:29;;107.080;139.790;268.130
20/1/2005 21:30;;108.910;141.600;269.160
20/1/2005 21:31;;108.040;137.250;269.710
20/1/2005 21:32;;108.910;142.800;269.860
20/1/2005 21:33;;105.490;139.320;265.870
20/1/2005 21:34;;107.420;139.480;263.090
20/1/2005 21:35;;108.140;136.790;266.860
20/1/2005 21:36;;107.660;140.860;261.920
20/1/2005 21:37;;108.460;138.810;267.020
20/1/2005 21:38;;107.980;138.990;261.720
20/1/2005 21:39;;108.310;140.620;263.330
20/1/2005 21:40;;108.780;135.850;264.030
20/1/2005 21:41;;106.150;139.870;263.280
20/1/2005 21:42;;108.580;139.880;263.920
20/1/2005 21:43;;107.880;141.070;260.930
20/1/2005 21:44;;109.780;138.250;269.490
20/1/2005 21:45;;108.740;137.220;265.010
20/1/2005 21:46;;109.440;138.670;261.580
20/1/2005 21:47;;111.960;139.430;264.810
20/1/2005 21:48;;109.390;137.750;266.510
20/1/2005 21:49;;108.620;140.750;271.590
20/1/2005 21:50;;109.830;141.150;265.930
20/1/2005 21:51;;108.630;139.470;263.500
20/1/2005 21:52;;107.570;141.760;266.100
20/1/2005 21:53;;109.870;139.440;268.080
20/1/2005 21:54;;108.560;137.570;275.100
20/1/2005 21:55;;107.550;142.270;267.270
20/1/2005 21:56;;107.140;140.610;266.330
20/1/2005 21:57;;105.450;139.880;262.890
20/1/2005 21:58;;110.500;136.400;262.000
20/1/2005 21:59;;106.340;142.270;265.430
20/1/2005 22:00;;105.370;138.120;269.330
20/1/2005 22:01;;109.730;142.180;263.810
20/1/2005 22:02;;109.430;138.260;269.680
20/1/2005 22:03;;108.400;139.740;262.470
20/1/2005 22:04;;104.150;141.930;268.330
20/1/2005 22:05;;108.240;142.930;261.210
20/1/2005 22:06;;106.230;139.380;266.130
20/1/2005 22:07;;110.730;137.850;259.750
20/1/2005 22:08;;110.380;138.200;266.320
20/1/2005 22:09;;105.510;141.040;264.500
20/1/2005 22:10;;110.590;140.750;267.920
20/1/2005 22:11;;107.070;137.550;266.750
20/1/2005 22:12;;105.820;139.000;267.370
20/1/2005 22:13;;107.370;140.870;264.420
20/1/2005 22:14;;107.040;139.970;264.970
20/1/2005 22:15;;106.900;138.230;261.250
20/1/2005 22:16;;107.980;140.980;260.600
20/1/2005 22:17;;108.330;138.820;276.040
20/1/2005 22:18;;109.570;139.630;260.990
20/1/2005 22:19;;106.160;138.630;264.800
20/1/2005 22:20;;105.970;137.520;268.500
20/1/2005 22:21;;106.510;135.620;263.640
20/1/2005 22:22;;107.110;134.670;268.790
20/1/2005 22:23;;108.510;138.590;261.070
20/1/2005 22:24;;108.780;138.060;271.260
20/1/2005 22:25;;109.960;136.530;265.940
20/1/2005 22:26;;108.860;138.870;267.280
20/1/2005 22:27;;108.680;139.630;264.780
20/1/2005 22:28;;106.160;136.290;262.270
20/1/2005 22:29;;107.790;140.530;262.630
20/1/2005 22:30;;109.280;139.290;260.950
20/1/2005 22:31;;103.630;139.780;262.690
20/1/2005 22:32;;106.280;138.670;264.880
20/1/2005 22:33;;108.520;137.350;264.030
20/1/2005 22:34;;108.060;133.370;262.980
20/1/2005 22:35;;109.340;141.810;263.290
20/1/2005 22:36;;108.470;139.230;261.890
20/1/2005 22:37;;107.310;135.810;262.420
20/1/2005 22:38;;108.360;138.960;265.630
20/1/2005 22:39;;105.790;137.730;260.950
20/1/2005 22:40;;105.840;136.600;265.310
20/1/2005 22:41;;109.620;141.360;264.940
20/1/2005 22:42;;109.950;139.680;263.600
20/1/2005 22:43;;107.920;142.580;267.550
20/1/2005 22:44;;104.290;136.510;258.250
20/1/2005 22:45;;104.670;139.220;267.350
20/1/2005 22:46;;106.380;137.800;265.030
20/1/2005 22:47;;107.150;138.960;263.490
20/1/2005 22:48;;108.130;139.910;262.830
20/1/2005 22:49;;107.920;139.820;265.860
20/1/2005 22:50;;108.960;135.000;264.110
20/1/2005 22:51;;104.900;138.850;260.270
20/1/2005 22:52;;106.450;135.010;266.080
20/1/2005 22:53;;106.090;134.770;264.200
20/1/2005 22:54;;107.340;137.170;263.380
20/1/2005 22:55;;106.630;135.560;263.660
20/1/2005 22:56;;106.420;136.590;263.630
20/1/2005 22:57;;107.640;135.830;263.020
20/1/2005 22:58;;108.590;142.930;263.750
20/1/2005 22:59;;107.540;140.220;265.730
20/1/2005 23:00;;109.210;140.700;263.490
20/1/2005 23:01;;108.350;139.700;261.660
20/1/2005 23:02;;107.710;138.120;262.660
20/1/2005 23:03;;108.720;140.750;264.190
20/1/2005 23:04;;109.120;137.380;263.040
20/1/2005 23:05;;108.590;140.560;265.240
20/1/2005 23:06;;104.420;137.220;262.520
20/1/2005 23:07;;104.310;136.900;269.220
20/1/2005 23:08;;107.010;138.190;263.850
20/1/2005 23:09;;108.490;138.080;261.290
20/1/2005 23:10;;108.380;135.550;269.520
20/1/2005 23:11;;104.950;137.680;266.060
20/1/2005 23:12;;107.510;136.280;264.530
20/1/2005 23:13;;104.410;139.040;263.380
20/1/2005 23:14;;106.120;136.300;262.020
20/1/2005 23:15;;106.510;140.710;261.260
20/1/2005 23:16;;106.010;138.110;266.720
20/1/2005 23:17;;104.200;136.210;264.380
20/1/2005 23:18;;107.350;136.070;267.800
20/1/2005 23:19;;106.990;139.200;260.530
20/1/2005 23:20;;109.690;139.270;266.030
20/1/2005 23:21;;106.520;136.750;262.360
20/1/2005 23:22;;103.480;140.090;265.510
20/1/2005 23:23;;109.450;140.210;263.400
20/1/2005 23:24;;107.090;135.870;268.890
20/1/2005 23:25;;106.890;139.210;264.440
20/1/2005 23:26;;109.080;137.060;265.170
20/1/2005 23:27;;109.060;136.520;262.550
20/1/2005 23:28;;108.920;138.150;261.850
20/1/2005 23:29;;107.710;134.340;262.690
20/1/2005 23:30;;108.410;136.660;259.330
20/1/2005 23:31;;109.500;136.240;263.050
20/1/2005 23:32;;109.870;138.220;261.970
20/1/2005 23:33;;108.310;138.060;268.370
20/1/2005 23:34;;110.310;140.010;267.540
20/1/2005 23:35;;111.380;136.690;263.030
20/1/2005 23:36;;105.860;137.170;260.420
20/1/2005 23:37;;107.340;138.720;261.200
20/1/2005 23:38;;106.110;138.200;263.060
20/1/2005 23:39;;106.450;139.230;261.120
20/1/2005 23:40;;108.930;140.020;263.410
20/1/2005 23:41;;107.890;137.500;265.160
20/1/2005 23:42;;107.300;137.260;264.100
20/1/2005 23:43;;107.460;134.100;264.270
20/1/2005 23:44;;108.350;139.630;262.820
20/1/2005 23:45;;108.920;138.620;267.020
20/1/2005 23:46;;107.880;138.670;266.850
20/1/2005 23:47;;102.920;134.570;265.360
20/1/2005 23:48;;106.020;138.380;260.220
20/1/2005 23:49;;107.590;138.040;264.920
20/1/2005 23:50;;106.320;135.170;262.130
20/1/2005 23:51;;107.060;138.820;265.920
20/1/2005 23:52;;106.820;138.420;261.800
20/1/2005 23:53;;106.880;134.230;263.080
20/1/2005 23:54;;105.360;134.360;265.000
20/1/2005 23:55;;104.550;138.450;263.900
20/1/2005 23:56;;106.490;138.110;266.280
20/1/2005 23:57;;107.000;138.420;262.770
20/1/2005 23:58;;107.910;142.500;265.150
20/1/2005 23:59;;106.360;141.980;263.640
